,,,,,,,,
,,,,,,,,
,,Переаттестации,,,,,,
,,,,,,,,
,,,,,,,,
,,Встал,Ник,Айди,Проведение,Проводящий,Сдал/Не сдал,Попытка
,,16.03.2026,sooonic,1074701372798283797,23.03.2026,nevermore8465,сдал,прошел
,,27.03.2026,"brrr.yoghurt",951797576452153354,03.04.2026,nevermore8465,сдал,прошел
,,26.03.2026,polka8395,756886658737111162,02.04.2026,nevermore8465,сдал,прошел
,,05.04.2026,arxximag,499541247636275210,12.04.2026,nevermore8465,сдал,прошел
,,09.04.2026,mistermirth,664065122049851423,16.04.2026,nevermore8465,сдал,прошел
,,09.04.2026,"rawrrik",1423727116675055627,16.04.2026,nevermore8465,сдал,прошел
,,11.04.2026,"flau0232",1129175113967882331,18.04.2026,deletedfrazeer,сдал,прошел
,,15.04.2026,neverliepls,1377624703660851250,22.04.2026,zerowiinrate,сдал,прошел
,,15.04.2026,sanya0141,1478386160215785515,22.04.2026,deletedfrazeer,сдал,прошел
,,15.04.2026,".vvoide",1224023007564009522,22.04.2026,deletedfrazeer,-,
,,16.04.2026,daniil0077,1357409970630688859,23.04.2026,deletedfrazeer,-,
,,17.04.2026,.blitzf411,1461827556092285139,24.04.2026,deletedfrazeer,-,
,,17.04.2026,"blyaiiik._",1213558092948570124,24.04.2026,nevermore8465,сдал,прошел
,,17.04.2026,personanongrataa,1243921294320336998,24.04.2026,makapex_merry,-,
,,17.04.2026,krasnoemore,1487452427312562216,24.04.2026,deletedfrazeer,-,
,,17.04.2026,kandaharboss,549541780597637140,24.04.2026,nevermore8465,сдал,прошел
,,17.04.2026,rapunzze1,584765703714897936,24.04.2026,nevermore8465,-,
,,17.04.2026,rize_q,477112004495278081,24.04.2026,deletedfrazeer,-,
,,17.04.2026,darksmilexdd,1221392673894695023,24.04.2026,deletedfrazeer,-,
,,17.04.2026,"retyj_
",1133760092815233044,24.04.2026,zerowiinrate,-,
,,17.04.2026,danivata,394961725725605888,24.04.2026,deletedfrazeer,-,
,,17.04.2026,vailaa92,1413613927044218901,24.04.2026,zerowiinrate,сдал,прошел
,,17.04.2026,"ctenka_ilove_erwin",1178766349175115890,24.04.2026,nevermore8465,-,
,,17.04.2026,tianxia_2k09,1466111589932339314,24.04.2026,nevermore8465,-,
,,17.04.2026,"ykralpenis",1494177543643725854,24.04.2026,nevermore8465,сдал,прошел
,,17.04.2026,stew4art,650572751161262100,24.04.2026,deletedfrazeer,-,
,,17.04.2026,thesun7779,1022416939722747998,24.04.2026,zerowiinrate,сдал,прошел
,,17.04.2026,yauzkiy,693908144660807680,24.04.2026,zerowiinrate,сдал,прошел
,,17.04.2026,ermak1241,786251833584255056,24.04.2026,nevermore8465,-,
,,17.04.2026,"mekas669",748253466496860170,24.04.2026,nevermore8465,-,
,,17.04.2026,"privet8648",967025252582457435,24.04.2026,makapex_merry,-,
,,17.04.2026,"muerto4249
",994339947865702520,24.04.2026,zerowiinrate,-,
,,02.04.2026,"7evg",1186342862191857785,09.04.2026,deletedfrazeer,сдал,прошел
,,18.04.2026,artemkagg,1019303426796036176,25.04.2026,deletedfrazeer,-,
,,18.04.2026,"bity0800",1473339475282235485,25.04.2026,makapex_merry,-,
,,18.04.2026,"nuxarion",1337712604872704092,25.04.2026,deletedfrazeer,-,
,,18.04.2026,toastik_1488,727492749800112138,25.04.2026,nevermore8465,-,
,,18.04.2026,psychopathlove,1198726547784343582,25.04.2026,makapex_merry,-,
,,19.04.2026,vixx_cr0,1436367397073453146,26.04.2026,zerowiinrate,сдал,прошел
,,19.04.2026,kokos_1111,893383177077420072,26.04.2026,zerowiinrate,сдал,прошел
,,19.04.2026,fitoshaa,771768396608962610,26.04.2026,deletedfrazeer,сдал,прошел
,,19.04.2026,nikitka03697,1494766339695575292,26.04.2026,deletedfrazeer,-,
,,19.04.2026,aethetic,843521430771466292,26.04.2026,nevermore8465,-,
,,20.04.2026,killanamif,1126564203751297094,27.04.2026,zerowiinrate,-,-
,,20.04.2026,exabibylina,1366533419516956776,27.04.2026,zerowiinrate,-,-
,,20.04.2026,caxarok0685,1220457350192959612,27.04.2026,nevermore8465,-,-
,,20.04.2026,hekosd,773945840795910164,27.04.2026,nevermore8465,-,-
,,20.04.2026,"yzbek_ept",1070641485856383046,27.04.2026,deletedfrazeer,-,-
,,20.04.2026,ilvuvm,1335651311877755055,27.04.2026,zerowiinrate,сдал,прошел
,,20.04.2026,45340,654598431062622219,27.04.2026,lizochka_lifestyle,-,-
,,20.04.2026,artem555hg_02237,1160811400151715923,27.04.2026,makapex_merry,-,-
,,21.04.2026,abtsvanban,862458232513757185,28.04.2026,zerowiinrate,сдал,прошел
,,20.04.2026,smerti0229,1288539333569151020,27.04.2026,nevermore8465,-,-
,,21.04.2026,slimfucker,608916888050860033,28.04.2026,deletedfrazeer,сдал,прошел
,,22.04.2026,"_shaneks_",704034299753660496,29.04.2026,zerowiinrate,сдал,прошел
,,22.04.2026,oo__moonlight__oo,897866011255119962,29.04.2026,nevermore8465,-,-
,,22.04.2026,zexezzz,961594453511008316,29.04.2026,zerowiinrate,сдал,прошел
,,23.04.2026,huwol,796860323801464893,30.04.2026,zerowiinrate,сдал,прошел
,,23.04.2026,mellstroinost0413,1495057204548604024,30.04.2026,deletedfrazeer,-,-
,,23.04.2026,zxcmuy,1111297695995396120,30.04.2026,lizochka_lifestyle,-,-
,,23.04.2026,uwu415,1492492283004846110,30.04.2026,nevermore8465,-,-
,,23.04.2026,4lenosos_01617,1443524296743059568,30.04.2026,deletedfrazeer,-,-
,,24.04.2026,qvernn,1006839883198894101,01.05.2026,zerowiinrate,-,-
,,24.04.2026,_.albi.,857964179535953940,01.05.2026,lizochka_lifestyle,сдал,прошел
,,24.04.2026,thousand_fear_enemies,718088273490346035,01.05.2026,zerowiinrate,-,-
,,24.04.2026,lampaaa228,1487569030922633237,01.05.2026,deletedfrazeer,-,-
,,24.04.2026,ye3say_69779,1296022520578965516,01.05.2026,zerowiinrate,-,-
,,25.04.2026,lay_pal,1089634856281047111,02.05.2026,nevermore8465,-,-
,,25.04.2026,o2mt,852293315968892958,02.05.2026,zerowiinrate,-,-
,,25.04.2026,sousuke_aizen_sama,645219146857971713,02.05.2026,makapex_merry,-,-
,,25.04.2026,trueadamhahaha,1154816466504392704,02.05.2026,deletedfrazeer,-,-
,,25.04.0206,femboyass1femboyass1,1489596210691047546,02.05.0206,makapex_merry,-,-
,,25.04.2026,"vivioraa
",1014217450230927391,02.05.2026,nevermore8465,-,-
,,25.04.2026,kenni997,1444313822755295252,02.05.2026,zerowiinrate,-,-
,,26.04.2026,vibe67123,1135895414554501280,03.05.2026,nevermore8465,-,-
,,26.04.2026,sadist_25513,1467648257999245434,03.05.2026,nevermore8465,-,-
,,26.04.2026,paranoik_777,1457084568203952304,03.05.2026,deletedfrazeer,сдал,прошел
,,26.04.2026,2_lichnosti,880861563605635174,03.05.2026,nevermore8465,-,-
,,26.04.2026,dealer_44_39064,1403765410112733337,03.05.2026,makapex_merry,-,-
,,26.04.2026,polisha0821,1438089388688015380,03.05.2026,makapex_merry,-,-
,,27.04.2026,"hnjkkgggg",1331394007397302323,04.05.2026,zerowiinrate,-,-
,,27.04.2026,ivan03092009,934797423602196490,04.05.2026,nevermore8465,-,-
,,27.04.2026,mahitoda,991768878415876106,04.05.2026,deletedfrazeer,-,-
,,27.04.2026,1yxeq,1484670165697302618,04.05.2026,zerowiinrate,сдал,прошел
,,28.04.2026,"pivas33
",1400987979136237720,05.05.2026,makapex_merry,-,-
,,28.04.2026,s1mon18,1462040893308796985,05.05.2026,deletedfrazeer,-,-
,,28.04.2026,heinekenoff,1108546007089827971,05.05.2026,zerowiinrate,сдал,прошел
,,28.04.2026,rtytica,1162715370218602526,05.05.2026,nevermore8465,-,-
,,28.04.2026,"._.arika",1012432294214119444,05.05.2026,nevermore8465,-,-
,,28.04.2026,"wp_qw
",551456606592827392,05.05.2026,zerowiinrate,-,-
,,28.04.2026,"suzuki.original",1142110470933840005,05.05.2026,zerowiinrate,-,-
,,29.04.2026,grand_6667,1351196296651997234,06.05.2026,makapex_merry,-,-
,,29.04.2026,raelinsi,1026464447679692800,06.05.2026,nevermore8465,-,
,,29.04.2026,risxertyl,1275108995702591525,06.05.2026,zerowiinrate,-,
,,29.04.2026,rems0nd,741332307067011183,06.05.2026,deletedfrazeer,-,
,,29.04.2026,nightysound,1486098029663621313,06.05.2026,nevermore8465,-,
,,30.04.2026,pisunoooo,1207311207552516096,07.05.2026,nevermore8465,-,
,,30.04.2026,oldrock1963,689170927140864025,07.05.2026,deletedfrazeer,-,
,,30.04.2026,abrm_orig,864049309351936041,07.05.2026,makapex_merry,-,
,,01.05.2026,respektik_23,1003939678426243124,08.05.2026,deletedfrazeer,-,
,,01.05.2026,yass_oo,1346507098464452660,08.05.2026,nevermore8465,-,
,,01.05.2026,nez_1.,1049644361517907990,08.05.2026,nevermore8465,-,-
,,02.05.2026,ar1m_a_ccg,1332824893502394429,09.05.2026,zerowiinrate,-,-
,,02.05.2026,splyyushkaa,846812853193015336,09.05.2026,zerowiinrate,-,-
,,02.05.2026,ф3tgfe3rgtertger,1351034933946224671,09.05.2026,makapex_merry,-,-
,,02.05.2026,wwws52,763396908106383380,09.05.2026,makapex_merry,-,-
,,03.05.2026,kill.eclipse,1096544734425665666,10.05.2026,nevermore8465,-,-
,,03.05.2026,onlylno.,504750857846521876,10.05.2026,deletedfrazeer,-,-
,,03.05.2026,pissse444ka_30079,1408196704246829168,10.05.2026,deletedfrazeer,-,-
,,03.05.2026,samurai0747,774698883124035624,10.05.2026,nevermore8465,-,
,,03.05.2026,.forcee.,1287844366945095712,10.05.2026,zerowiinrate,-,
,,04.05.2026,atlastoextaz,1419318254777929778,11.05.2026,zerowiinrate,-,
,,04.05.2026,eescp,1470112257181483196,11.05.2026,makapex_merry,-,
,,04.05.2026,c.velasco,426045378907865119,11.05.2026,makapex_merry,-,
,,04.05.2026,fire.lily.,821814880751321139,11.05.2026,deletedfrazeer,-,
,,04.05.2026,aster8a,1398665975779426324,11.05.2026,deletedfrazeer,-,
,,04.05.2026,artewbeee,1426568766879301653,11.05.2026,nevermore8465,-,
,,,,,,nevermore8465,-,
,,,,,,zerowiinrate,-,
,,,,,,zerowiinrate,-,
,,,,,,makapex_merry,-,
,,,,,,makapex_merry,-,